INSERT INTO `TB_USER` VALUES ('16E93D47C7804EEF8EA2397E52DC2AD2', 'test2', '123456', '0', NULL, NULL, NULL, '2017-2-24 11:42:42', '2017-7-21 04:24:14');
INSERT INTO `TB_USER` VALUES ('54655AB8C9544A51ADA3418EB659BE44', 'admin', 'admin', '1', NULL, NULL, NULL, '2017-2-24 11:43:01', '2017-2-24 11:43:01');
INSERT INTO `TB_USER` VALUES ('5F0D2E4A01EB40F1978CE930C82F933B', 'unesd', 'unesd', '1', NULL, NULL, NULL, '2017-2-23 11:35:05', '2017-2-23 13:58:01');

INSERT INTO `TB_USER_ROLE` VALUES ('3023101782444DA59849A1666DDAA1A7', 'BB3F535DA6DE450FAC0CA2E91082A666', '54655AB8C9544A51ADA3418EB659BE44', '1', '2017-2-24 11:46:37', '2017-2-24 11:46:37');
INSERT INTO `TB_USER_ROLE` VALUES ('35F9483E0BBF40278156C0DCDC89B01A', '62C85183BF9C48B2B9E78B741A84DAFF', '5F0D2E4A01EB40F1978CE930C82F933B', '1', '2017-2-24 11:46:02', '2017-2-24 11:46:02');
INSERT INTO `TB_USER_ROLE` VALUES ('7E98B09D216E42328D8176172DEF34CB', 'BB3F535DA6DE450FAC0CA2E91082A666', '16E93D47C7804EEF8EA2397E52DC2AD2', '1', '2017-2-24 11:48:50', '2017-2-24 11:48:50');
INSERT INTO `TB_USER_ROLE` VALUES ('8CBAE9CBD81844119A497D528D3D2929', '4F1707A85184492A8BA3B2D28D53691A', '54655AB8C9544A51ADA3418EB659BE44', '1', '2017-2-24 11:48:16', '2017-2-24 11:48:16');

INSERT INTO `TB_ROLE_RESOURCE` VALUES ('296C82227BF94BB89B5248FF425358CD', '62C85183BF9C48B2B9E78B741A84DAFF', 'E2A5CB5A76AA44AF916DAC48397B1224', '1', '2017-2-24 18:34:16', '2017-2-24 18:34:16');
INSERT INTO `TB_ROLE_RESOURCE` VALUES ('5BDDC1BAED6C4630AC1417A4F4C8C4B0', 'BB3F535DA6DE450FAC0CA2E91082A666', '6649220DAE4B46258EF8BA4CB700DA44', '1', '2017-2-24 18:19:10', '2017-2-24 18:19:10');
INSERT INTO `TB_ROLE_RESOURCE` VALUES ('AEB2281C707147E5A5A0EB47A693F7DD', 'BB3F535DA6DE450FAC0CA2E91082A666', 'E2A5CB5A76AA44AF916DAC48397B1224', '1', '2017-2-24 18:20:39', '2017-2-24 18:20:39');

INSERT INTO `TB_ROLE` VALUES ('4F1707A85184492A8BA3B2D28D53691A', 'ROLE_ADMIN', 'ROLE_ADMIN', '1', '2017-2-24 08:57:24', '2017-2-24 08:57:24');
INSERT INTO `TB_ROLE` VALUES ('62C85183BF9C48B2B9E78B741A84DAFF', 'ROLE_SUPER', 'ROLE_SUPER', '1', '2017-2-24 08:56:25', '2017-2-24 08:56:25');
INSERT INTO `TB_ROLE` VALUES ('BB3F535DA6DE450FAC0CA2E91082A666', 'ROLE_USER', 'ROLE_USER', '1', '2017-2-24 08:57:04', '2017-2-24 08:57:04');

INSERT INTO `TB_RESOURCE` VALUES ('6649220DAE4B46258EF8BA4CB700DA44', '6252C9E7D42E44849D5A60DD3A10DF2E', 'RES_INDEX', NULL, '/index', NULL, '1', 0, '2017-2-24 18:12:27', '2017-2-24 18:12:27');
INSERT INTO `TB_RESOURCE` VALUES ('E2A5CB5A76AA44AF916DAC48397B1224', '6252C9E7D42E44849D5A60DD3A10DF2E', 'RES_APPLICATION', NULL, '/', NULL, '1', 0, '2017-2-24 18:17:15', '2017-2-24 18:17:15');
